"metabolite","AIC","Estimate","Std..Error","z.value","Pr...z..","qOrFDR"
"X501.2306_2.46",-88.1195894882177,0.00242815157160356,0.000209973248618422,11.5640996535524,6.26449352597107e-31,4.53549331280305e-28
"X369.2241_0.36",-152.020208336215,3.57472837213405e-05,8.3865997054119e-06,4.2624287526532,2.02216982012677e-05,0.00732025474885891
"X244.1904_4.84",-1466.57394274958,-0.00027007470226626,6.88501542650834e-05,-3.92264483862203,8.75822101572622e-05,0.0211365067179526
"X304.7424_0.31",-1447.32653122752,0.00012727486477046,3.42291019869308e-05,3.71832322153982,0.000200549562331889,0.0362994707820719
